{
  "dataset_records": 569,
  "features": 30,
  "malignant": 212,
  "benign": 357,
  "train": 398,
  "validation": 85,
  "test": 86,
  "best_model": "Support Vector Machine",
  "classification_report": {
    "Benign": {
      "precision": 0.9818181818181818,
      "recall": 1.0,
      "f1-score": 0.9908256880733946,
      "support": 54.0
    },
    "Malignant": {
      "precision": 1.0,
      "recall": 0.96875,
      "f1-score": 0.9841269841269841,
      "support": 32.0
    },
    "accuracy": 0.9883720930232558,
    "macro avg": {
      "precision": 0.990909090909091,
      "recall": 0.984375,
      "f1-score": 0.9874763361001893,
      "support": 86.0
    },
    "weighted avg": {
      "precision": 0.9885835095137421,
      "recall": 0.9883720930232558,
      "f1-score": 0.9883331470700791,
      "support": 86.0
    }
  },
  "confusion_matrix_labels_positive_first": [
    [
      31,
      1
    ],
    [
      0,
      54
    ]
  ]
}